<?xml version="1.0" encoding="UTF-8"?>
<metadata><idinfo><citation><citeinfo><title>Merged_2011</title><geoform>Vector Digital Data Set (Polygon)</geoform></citeinfo></citation><descript><abstract>Reporting of evapotranspiration from irrigated agriculture in Nevada and other western US states is increasingly being required for surface and groundwater use inventories, estimating historical pumpage, and supporting the evaluation of water right applications, transfers, and protests. The arid landscape of northwestern Nevada is punctuated by agricultural communities that rely on water supplied by the diversion of surface waters, groundwater, or a combination of both. Many hydrographic areas (HAs) within northwestern Nevada are entirely reliant on groundwater due to the lack of surface water, while other HAs are entirely reliant on surface water due to poor quality of groundwater. Precipitation in the form of winter snowfall largely determines the amount of surface water that is available for irrigation the following growing season. During years of insufficient surface water supplies, some basins can use supplemental groundwater in order to meet irrigation needs. Annual and monthly consumptive use from irrigated agriculture is largely a function of surface and groundwater availability, atmospheric water demand, crop type, land use and cropping changes such as fallowing and crop rotations, crop stress and disease, and water right transfers from irrigation to a new use (e.g. municipal or environmental). The use of satellite imagery is required to accurately estimate actual evapotranspiration (ET) from irrigated agriculture. Because crop type and field conditions can vary significantly in time and space, satellite imagery such as Landsat that is of sufficient spatial resolution to capture field scale conditions, is required to accurately characterize spatial and temporal variations of crop phenology, stress, and ultimately ET. Free access to satellite imagery and gridded weather data along with significant advances in processing hardware, software, and analysis, has advanced the use of satellite imagery to the forefront of ET estimation. This is especially true where water consumption from large areas has to be quantified. The objective of this study is to estimate monthly an annual ET from agricultural areas in northwestern Nevada from 2001 through 2011 using Landsat satellite imagery. Field scale ET estimates from 57 HAs are summarized multiple ways includeing a geodatabase, maps, figures, and tables. Monthly and annual ET estimates for select HAs are discussed with respect to variations in climate, water supply, and land use changes, through visualizations and summaries of spatial and temporal ET distributions. A geodatabase was constructed ET, precipitation, net ET (ET minus precipitation), and atmospheric water demand (i.e. reference ET). Landsat based ET was estimated using a land surface energy balance model, Mapping EvapoTranspiration at high Resolution with Internalized Calibration (METRIC), using Landsat 5 and Landsat 7 imagery combined with reference ET. Estimates of net ET were created by subtracting monthly precipitation from METRIC-derived ET, and seasonal estimates were generated by combining monthly ET for April-October (the regional agricultural growing season). Results highlight that a range of geographic, climatic, hydrographic, and anthropogenic factors influence ET. For example, HAs such as Mason Valley have the ability to mitigate deficiencies in surface water supplies by pumping supplemental groundwater, thereby resulting in low annual variability of ET. Conversely, Lovelock has access to limited upstream surface water storage and is not able to irrigate with groundwater due to high salinity. These factors result in Lovelock ET being highly variable in time due to drought. ET estimates derived from METRIC compare fairly well to previous estimates of well-irrigated crop ET reported by Huntington and Allen (2010) (i.e. NVET estimates). Differences in ET estimates are potentially due to the fact that previous NVET estimates assume well-irrigated conditions and the fact that METRIC also has limitations and inaccuracies. Although there are limitations and uncertainties with the METRIC model, previous Nevada studies have shown METRIC is fairly accurate for crops of alfalfa and pasture grass. Results of this work will be useful for water use inventories, groundwater use estimation, and in distinguishing how prolonged droughts and changing climate will potentially affect different HAs and agricultural communities in the future.</abstract><purpose>This geodatabase contains shapefiles that contain estimates of evapotranspiration for agricultural areas within northwest Nevada and additional support data. These shapefiles contain data for the years 2001-2011, with each shapefile representing a single year.</purpose></descript><spdom><bounding><westbc>-121.139440156</westbc><eastbc>-116.899008196</eastbc><northbc>41.17632953</northbc><southbc>38.107819132</southbc></bounding></spdom><keywords><theme><themekt>None</themekt><themekey>evapotranspiration measurements</themekey><themekey>evaporation</themekey><themekey>transpiration</themekey><themekey>agriculture</themekey><themekey>water use</themekey></theme></keywords><accconst>None</accconst><useconst>None. Users are advised to read the data set's metadata thoroughly to understand appropriate use and data limitations.</useconst><datacred>This work was funded by the Bureau of Reclamation, in cooperation with the State of Nevada.</datacred><native>Environment as of Metadata Creation: Microsoft Windows 7 Version 6.1 (Build 7601) Service Pack 1; Esri ArcGIS 10.3.1 (Build 4959) Service Pack N/A (Build N/A)</native></idinfo><dataqual><attracc><attraccr>No formal attribute accuracy tests were conducted.</attraccr></attracc><logic>No formal logical accuracy tests were conducted.</logic><complete>Data set is considered complete for the information presented, as described in the abstract. Users are advised to read the rest of the metadata record carefully for additional details.</complete><posacc><horizpa><horizpar>A formal accuracy assessment of the horizontal positional information in the data set has not been conducted.</horizpar></horizpa><vertacc><vertaccr>A formal accuracy assessment of the vertical positional information in the data set has either not been conducted, or is not applicable.</vertaccr></vertacc></posacc><lineage><procstep><procdesc>Development of the data set by the agency / individuals identified in the 'Originator' element in the Identification Info section of the record.</procdesc><procdate>Unknown</procdate></procstep></lineage></dataqual><spdoinfo><direct>Vector</direct><ptvctinf><esriterm Name="Merged_2011"><efeatyp Sync="TRUE">Simple</efeatyp><efeageom code="4" Sync="TRUE"></efeageom><esritopo Sync="TRUE">FALSE</esritopo><efeacnt Sync="TRUE">7841</efeacnt><spindex Sync="TRUE">TRUE</spindex><linrefer Sync="TRUE">FALSE</linrefer></esriterm></ptvctinf></spdoinfo><spref><horizsys><planar><planci><plance>coordinate pair</plance><coordrep><absres>0.6096</absres><ordres>0.6096</ordres></coordrep><plandu>Meter</plandu></planci></planar><geodetic><horizdn>D_WGS_1984</horizdn><ellips>WGS_1984</ellips><semiaxis>6378137.0</semiaxis><denflat>298.257223563</denflat></geodetic></horizsys></spref><eainfo><detailed Name="Merged_2011"><enttyp><enttypl>Attribute Table</enttypl><enttypd>Table containing attribute information associated with the data set.</enttypd><enttypds>Producer defined</enttypds><enttypt Sync="TRUE">Feature Class</enttypt><enttypc Sync="TRUE">7841</enttypc></enttyp><attr><attrlabl Sync="TRUE">OBJECTID</attrlabl><attalias Sync="TRUE">OBJECTID</attalias><attrtype Sync="TRUE">OID</attrtype><attwidth Sync="TRUE">4</attwidth><atprecis Sync="TRUE">0</atprecis><attscale Sync="TRUE">0</attscale><attrdef Sync="TRUE">Internal feature number.</attrdef><attrdefs Sync="TRUE">Esri</attrdefs><attrdomv><udom Sync="TRUE">Sequential unique whole numbers that are automatically generated.</udom></attrdomv></attr><attr><attrlabl Sync="TRUE">Shape</attrlabl><attalias Sync="TRUE">Shape</attalias><attrtype Sync="TRUE">Geometry</attrtype><attwidth Sync="TRUE">0</attwidth><atprecis Sync="TRUE">0</atprecis><attscale Sync="TRUE">0</attscale><attrdef Sync="TRUE">Feature geometry.</attrdef><attrdefs Sync="TRUE">Esri</attrdefs><attrdomv><udom Sync="TRUE">Coordinates defining the features.</udom></attrdomv></attr><attr><attrlabl>BASIN</attrlabl><attrdef>This attribute was used for the processing of hydrographic areas (HAs) within the study area, in order to bypass conflicts with naming methods employed in Nevada and California.</attrdef><attrdefs>Producer defined</attrdefs><attrdomv><udom>Unknown</udom></attrdomv><attalias Sync="TRUE">BASIN</attalias><attrtype Sync="TRUE">String</attrtype><attwidth Sync="TRUE">254</attwidth><atprecis Sync="TRUE">0</atprecis><attscale Sync="TRUE">0</attscale></attr><attr><attrlabl>STATE</attrlabl><attrdef>State which contains the centroid of the polygon.</attrdef><attrdefs>Producer defined</attrdefs><attrdomv><edom><edomv>CA</edomv><edomvd>California</edomvd><edomvds>Producer defined</edomvds></edom></attrdomv><attrdomv><edom><edomv>NV</edomv><edomvd>Nevada</edomvd><edomvds>Producer defined</edomvds></edom></attrdomv><attalias Sync="TRUE">STATE</attalias><attrtype Sync="TRUE">String</attrtype><attwidth Sync="TRUE">254</attwidth><atprecis Sync="TRUE">0</atprecis><attscale Sync="TRUE">0</attscale></attr><attr><attrlabl>HYD_AREA</attrlabl><attrdef>The number designator assigned to the hydrographic area (HA) in which the centroid of the polygon is located.  For areas in California, the attribute is assigned a value of: “CA”.</attrdef><attrdefs>Producer defined</attrdefs><attrdomv><udom>Unknown</udom></attrdomv><attalias Sync="TRUE">HYD_AREA</attalias><attrtype Sync="TRUE">String</attrtype><attwidth Sync="TRUE">254</attwidth><atprecis Sync="TRUE">0</atprecis><attscale Sync="TRUE">0</attscale></attr><attr><attrlabl>HYD_AREA_N</attrlabl><attrdef>The name assigned to the hydrographic area (HA), in which the centroid of the polygon is located.</attrdef><attrdefs>Producer defined</attrdefs><attrdomv><udom>Unknown</udom></attrdomv><attalias Sync="TRUE">HYD_AREA_N</attalias><attrtype Sync="TRUE">String</attrtype><attwidth Sync="TRUE">254</attwidth><atprecis Sync="TRUE">0</atprecis><attscale Sync="TRUE">0</attscale></attr><attr><attrlabl>HUC8</attrlabl><attrdef>For locations in California a hydrologic unit code (HUC) was used to denote the basin containing the polygon.  Attribute utilizes that HUC8 code.</attrdef><attrdefs>Producer defined</attrdefs><attrdomv><udom>Unknown</udom></attrdomv><attalias Sync="TRUE">HUC8</attalias><attrtype Sync="TRUE">String</attrtype><attwidth Sync="TRUE">254</attwidth><atprecis Sync="TRUE">0</atprecis><attscale Sync="TRUE">0</attscale></attr><attr><attrlabl>HUC8_NAME</attrlabl><attrdef>For locations in California a hydrologic unit code (HUC) was used to denote the basin containing the polygon. Attribute utilizes the name associated with the HUC8.</attrdef><attrdefs>Producer defined</attrdefs><attrdomv><udom>Unknown</udom></attrdomv><attalias Sync="TRUE">HUC8_NAME</attalias><attrtype Sync="TRUE">String</attrtype><attwidth Sync="TRUE">254</attwidth><atprecis Sync="TRUE">0</atprecis><attscale Sync="TRUE">0</attscale></attr><attr><attrlabl>PIXELCOUNT</attrlabl><attrdef>The number of pixels contained within the polygon.</attrdef><attrdefs>Producer defined</attrdefs><attrdomv><rdom><rdommin>0</rdommin><rdommax>65633</rdommax><attrunit>Number of pixels</attrunit></rdom></attrdomv><attalias Sync="TRUE">PIXELCOUNT</attalias><attrtype Sync="TRUE">Integer</attrtype><attwidth Sync="TRUE">4</attwidth><atprecis Sync="TRUE">0</atprecis><attscale Sync="TRUE">0</attscale></attr><attr><attrlabl>YEAR</attrlabl><attrdef>The year for which the data was generated.</attrdef><attrdefs>Producer defined</attrdefs><attrdomv><rdom><rdommin>2011</rdommin><rdommax>2011</rdommax><attrunit>Year</attrunit></rdom></attrdomv><attalias Sync="TRUE">YEAR</attalias><attrtype Sync="TRUE">SmallInteger</attrtype><attwidth Sync="TRUE">2</attwidth><atprecis Sync="TRUE">0</atprecis><attscale Sync="TRUE">0</attscale></attr><attr><attrlabl>AREA</attrlabl><attrdef>Area contained within pixel (acres)</attrdef><attrdefs>Producer defined</attrdefs><attrdomv><rdom><rdommin>1.45016310419E-05</rdommin><rdommax>15267.6918974</rdommax><attrunit>acres</attrunit></rdom></attrdomv><attalias Sync="TRUE">AREA</attalias><attrtype Sync="TRUE">Double</attrtype><attwidth Sync="TRUE">8</attwidth><atprecis Sync="TRUE">0</atprecis><attscale Sync="TRUE">0</attscale></attr><attr><attrlabl>ETR_ANNUAL</attrlabl><attrdef>Annual total of reference evapotranspiration (ETr) calculated for the polygon (millimeters).</attrdef><attrdefs>Producer defined</attrdefs><attrdomv><rdom><rdommin>0</rdommin><rdommax>1741.23999023438</rdommax><attrunit>millimeters</attrunit></rdom></attrdomv><attalias Sync="TRUE">ETR_ANNUAL</attalias><attrtype Sync="TRUE">Single</attrtype><attwidth Sync="TRUE">4</attwidth><atprecis Sync="TRUE">0</atprecis><attscale Sync="TRUE">0</attscale></attr><attr><attrlabl>ET_ANNUAL</attrlabl><attrdef>Annual total of evapotranspiration (ET) calculated for the polygon (millimeters).</attrdef><attrdefs>Producer defined</attrdefs><attrdomv><rdom><rdommin>0</rdommin><rdommax>1407.43005371094</rdommax><attrunit>millimeters</attrunit></rdom></attrdomv><attalias Sync="TRUE">ET_ANNUAL</attalias><attrtype Sync="TRUE">Single</attrtype><attwidth Sync="TRUE">4</attwidth><atprecis Sync="TRUE">0</atprecis><attscale Sync="TRUE">0</attscale></attr><attr><attrlabl>ETRF_ANNUL</attrlabl><attrdef>Annual average of fraction of reference evapotranspiration (ETrF) (unitless)</attrdef><attrdefs>Producer defined</attrdefs><attrdomv><rdom><rdommin>0</rdommin><rdommax>0.93495500087738</rdommax><attrunit>unitless</attrunit></rdom></attrdomv><attalias Sync="TRUE">ETRF_ANNUL</attalias><attrtype Sync="TRUE">Single</attrtype><attwidth Sync="TRUE">4</attwidth><atprecis Sync="TRUE">0</atprecis><attscale Sync="TRUE">0</attscale></attr><attr><attrlabl>PPT_ANNUAL</attrlabl><attrdef>Annual total of precipitation (millimeters).</attrdef><attrdefs>PRISM Climate Group, Oregon State University, http://prism.oregonstate.edu, created 4 Feb 2004.</attrdefs><attrdomv><rdom><rdommin>106.488998413086</rdommin><rdommax>1010.92999267578</rdommax><attrunit>millimeters</attrunit></rdom></attrdomv><attalias Sync="TRUE">PPT_ANNUAL</attalias><attrtype Sync="TRUE">Single</attrtype><attwidth Sync="TRUE">4</attwidth><atprecis Sync="TRUE">0</atprecis><attscale Sync="TRUE">0</attscale></attr><attr><attrlabl>NET_ANNUAL</attrlabl><attrdef>Annual total of ET with the annual total of precipitation subtracted (millimeters).</attrdef><attrdefs>Producer defined</attrdefs><attrdomv><rdom><rdommin>-1010.92999267578</rdommin><rdommax>1171.65002441406</rdommax><attrunit>millimeters</attrunit></rdom></attrdomv><attalias Sync="TRUE">NET_ANNUAL</attalias><attrtype Sync="TRUE">Single</attrtype><attwidth Sync="TRUE">4</attwidth><atprecis Sync="TRUE">0</atprecis><attscale Sync="TRUE">0</attscale></attr><attr><attrlabl>ETR_SEASON</attrlabl><attrdef>Seasonal total of reference evapotranspiration (ETr) for the polygon (millimeters).</attrdef><attrdefs>Producer defined</attrdefs><attrdomv><rdom><rdommin>0</rdommin><rdommax>1434.56005859375</rdommax><attrunit>millimeters</attrunit></rdom></attrdomv><attalias Sync="TRUE">ETR_SEASON</attalias><attrtype Sync="TRUE">Single</attrtype><attwidth Sync="TRUE">4</attwidth><atprecis Sync="TRUE">0</atprecis><attscale Sync="TRUE">0</attscale></attr><attr><attrlabl>ET_SEASON</attrlabl><attrdef>Seasonal total of evapotranspiration (ET) for the polygon (millimeters).</attrdef><attrdefs>Producer defined</attrdefs><attrdomv><rdom><rdommin>0</rdommin><rdommax>1288.18005371094</rdommax><attrunit>millimeters</attrunit></rdom></attrdomv><attalias Sync="TRUE">ET_SEASON</attalias><attrtype Sync="TRUE">Single</attrtype><attwidth Sync="TRUE">4</attwidth><atprecis Sync="TRUE">0</atprecis><attscale Sync="TRUE">0</attscale></attr><attr><attrlabl>ETRF_SEASN</attrlabl><attrdef>Seasonal average of fraction of reference evapotranspiration (ETrF) (unitless)</attrdef><attrdefs>Producer defined</attrdefs><attrdomv><rdom><rdommin>0</rdommin><rdommax>1.02832996845245</rdommax><attrunit>unitless</attrunit></rdom></attrdomv><attalias Sync="TRUE">ETRF_SEASN</attalias><attrtype Sync="TRUE">Single</attrtype><attwidth Sync="TRUE">4</attwidth><atprecis Sync="TRUE">0</atprecis><attscale Sync="TRUE">0</attscale></attr><attr><attrlabl>PPT_SEASON</attrlabl><attrdef>Seasonal total of precipitation (millimeters).</attrdef><attrdefs>Producer defined</attrdefs><attrdomv><rdom><rdommin>43.2933006286621</rdommin><rdommax>340.497009277344</rdommax><attrunit>millimeters</attrunit></rdom></attrdomv><attalias Sync="TRUE">PPT_SEASON</attalias><attrtype Sync="TRUE">Single</attrtype><attwidth Sync="TRUE">4</attwidth><atprecis Sync="TRUE">0</atprecis><attscale Sync="TRUE">0</attscale></attr><attr><attrlabl>NET_SEASON</attrlabl><attrdef>Seasonal total of net evapotranspiration (ET-PPT) (millimeters).</attrdef><attrdefs>Producer defined</attrdefs><attrdomv><rdom><rdommin>-340.497009277344</rdommin><rdommax>1148.09997558594</rdommax><attrunit>millimeters</attrunit></rdom></attrdomv><attalias Sync="TRUE">NET_SEASON</attalias><attrtype Sync="TRUE">Single</attrtype><attwidth Sync="TRUE">4</attwidth><atprecis Sync="TRUE">0</atprecis><attscale Sync="TRUE">0</attscale></attr><attr><attrlabl>START_MON</attrlabl><attrdef>Attribute corresponds to the month that was selected to serve as the start of the agricultural growing season.  This attribute was used with END_MON to generate seasonal totals.  The default value selected for the study area was “4”, corresponding to the month of April.</attrdef><attrdefs>Producer defined</attrdefs><attrdomv><rdom><rdommin>4</rdommin><rdommax>4</rdommax><attrunit>month</attrunit></rdom></attrdomv><attalias Sync="TRUE">START_MON</attalias><attrtype Sync="TRUE">Single</attrtype><attwidth Sync="TRUE">4</attwidth><atprecis Sync="TRUE">0</atprecis><attscale Sync="TRUE">0</attscale></attr><attr><attrlabl>END_MON</attrlabl><attrdef>Attribute corresponds to the month that was selected to serve as the end of the agricultural growing season.  This attribute was used with START_MON to generate seasonal totals.  The default value selected for the study area was “10”, corresponding to the month of October.</attrdef><attrdefs>Producer defined</attrdefs><attrdomv><rdom><rdommin>10</rdommin><rdommax>10</rdommax><attrunit>month</attrunit></rdom></attrdomv><attalias Sync="TRUE">END_MON</attalias><attrtype Sync="TRUE">Single</attrtype><attwidth Sync="TRUE">4</attwidth><atprecis Sync="TRUE">0</atprecis><attscale Sync="TRUE">0</attscale></attr><attr><attrlabl>ETR_M01</attrlabl><attrdef>Monthly total of reference evapotranspiration (ETr) for the polygon during the month of January.  Reference evaporation produced from the GridMET dataset (millimeters).</attrdef><attrdefs>Producer defined</attrdefs><attrdomv><rdom><rdommin>0</rdommin><rdommax>44.0836982727051</rdommax><attrunit>millimeters</attrunit></rdom></attrdomv><attalias Sync="TRUE">ETR_M01</attalias><attrtype Sync="TRUE">Single</attrtype><attwidth Sync="TRUE">4</attwidth><atprecis Sync="TRUE">0</atprecis><attscale Sync="TRUE">0</attscale></attr><attr><attrlabl>ETR_M02</attrlabl><attrdef>Monthly total of reference evapotranspiration (ETr) for the polygon during the month of February.  Reference evaporation produced from the GridMET dataset (millimeters).</attrdef><attrdefs>Producer defined</attrdefs><attrdomv><rdom><rdommin>0</rdommin><rdommax>69.0496978759766</rdommax><attrunit>millimeters</attrunit></rdom></attrdomv><attalias Sync="TRUE">ETR_M02</attalias><attrtype Sync="TRUE">Single</attrtype><attwidth Sync="TRUE">4</attwidth><atprecis Sync="TRUE">0</atprecis><attscale Sync="TRUE">0</attscale></attr><attr><attrlabl>ETR_M03</attrlabl><attrdef>Monthly total of reference evapotranspiration (ETr) for the polygon during the month of March.  Reference evaporation produced from the GridMET dataset (millimeters).</attrdef><attrdefs>Producer defined</attrdefs><attrdomv><rdom><rdommin>0</rdommin><rdommax>123.803001403809</rdommax><attrunit>millimeters</attrunit></rdom></attrdomv><attalias Sync="TRUE">ETR_M03</attalias><attrtype Sync="TRUE">Single</attrtype><attwidth Sync="TRUE">4</attwidth><atprecis Sync="TRUE">0</atprecis><attscale Sync="TRUE">0</attscale></attr><attr><attrlabl>ETR_M04</attrlabl><attrdef>Monthly total of reference evapotranspiration (ETr) for the polygon during the month of April.  Reference evaporation produced from the GridMET dataset (millimeters).</attrdef><attrdefs>Producer defined</attrdefs><attrdomv><rdom><rdommin>0</rdommin><rdommax>142.863006591797</rdommax><attrunit>millimeters</attrunit></rdom></attrdomv><attalias Sync="TRUE">ETR_M04</attalias><attrtype Sync="TRUE">Single</attrtype><attwidth Sync="TRUE">4</attwidth><atprecis Sync="TRUE">0</atprecis><attscale Sync="TRUE">0</attscale></attr><attr><attrlabl>ETR_M05</attrlabl><attrdef>Monthly total of reference evapotranspiration (ETr) for the polygon during the month of May.  Reference evaporation produced from the GridMET dataset (millimeters).</attrdef><attrdefs>Producer defined</attrdefs><attrdomv><rdom><rdommin>0</rdommin><rdommax>196.496002197266</rdommax><attrunit>millimeters</attrunit></rdom></attrdomv><attalias Sync="TRUE">ETR_M05</attalias><attrtype Sync="TRUE">Single</attrtype><attwidth Sync="TRUE">4</attwidth><atprecis Sync="TRUE">0</atprecis><attscale Sync="TRUE">0</attscale></attr><attr><attrlabl>ETR_M06</attrlabl><attrdef>Monthly total of reference evapotranspiration (ETr) for the polygon during the month of June.  Reference evaporation produced from the GridMET dataset (millimeters).</attrdef><attrdefs>Producer defined</attrdefs><attrdomv><rdom><rdommin>0</rdommin><rdommax>245.535995483398</rdommax><attrunit>millimeters</attrunit></rdom></attrdomv><attalias Sync="TRUE">ETR_M06</attalias><attrtype Sync="TRUE">Single</attrtype><attwidth Sync="TRUE">4</attwidth><atprecis Sync="TRUE">0</atprecis><attscale Sync="TRUE">0</attscale></attr><attr><attrlabl>ETR_M07</attrlabl><attrdef>Monthly total of reference evapotranspiration (ETr) for the polygon during the month of July.  Reference evaporation produced from the GridMET dataset (millimeters).</attrdef><attrdefs>Producer defined</attrdefs><attrdomv><rdom><rdommin>0</rdommin><rdommax>304.829010009766</rdommax><attrunit>millimeters</attrunit></rdom></attrdomv><attalias Sync="TRUE">ETR_M07</attalias><attrtype Sync="TRUE">Single</attrtype><attwidth Sync="TRUE">4</attwidth><atprecis Sync="TRUE">0</atprecis><attscale Sync="TRUE">0</attscale></attr><attr><attrlabl>ETR_M08</attrlabl><attrdef>Monthly total of reference evapotranspiration (ETr) for the polygon during the month of August.  Reference evaporation produced from the GridMET dataset (millimeters).</attrdef><attrdefs>Producer defined</attrdefs><attrdomv><rdom><rdommin>0</rdommin><rdommax>278.078002929688</rdommax><attrunit>millimeters</attrunit></rdom></attrdomv><attalias Sync="TRUE">ETR_M08</attalias><attrtype Sync="TRUE">Single</attrtype><attwidth Sync="TRUE">4</attwidth><atprecis Sync="TRUE">0</atprecis><attscale Sync="TRUE">0</attscale></attr><attr><attrlabl>ETR_M09</attrlabl><attrdef>Monthly total of reference evapotranspiration (ETr) for the polygon during the month of September.  Reference evaporation produced from the GridMET dataset (millimeters).</attrdef><attrdefs>Producer defined</attrdefs><attrdomv><rdom><rdommin>0</rdommin><rdommax>200.895004272461</rdommax><attrunit>millimeters</attrunit></rdom></attrdomv><attalias Sync="TRUE">ETR_M09</attalias><attrtype Sync="TRUE">Single</attrtype><attwidth Sync="TRUE">4</attwidth><atprecis Sync="TRUE">0</atprecis><attscale Sync="TRUE">0</attscale></attr><attr><attrlabl>ETR_M10</attrlabl><attrdef>Monthly total of reference evapotranspiration (ETr) for the polygon during the month of October.  Reference evaporation produced from the GridMET dataset (millimeters).</attrdef><attrdefs>Producer defined</attrdefs><attrdomv><rdom><rdommin>0</rdommin><rdommax>119.380996704102</rdommax><attrunit>millimeters</attrunit></rdom></attrdomv><attalias Sync="TRUE">ETR_M10</attalias><attrtype Sync="TRUE">Single</attrtype><attwidth Sync="TRUE">4</attwidth><atprecis Sync="TRUE">0</atprecis><attscale Sync="TRUE">0</attscale></attr><attr><attrlabl>ETR_M11</attrlabl><attrdef>Monthly total of reference evapotranspiration (ETr) for the polygon during the month of November.  Reference evaporation produced from the GridMET dataset (millimeters).</attrdef><attrdefs>Producer defined</attrdefs><attrdomv><rdom><rdommin>0</rdommin><rdommax>60.0471992492676</rdommax><attrunit>millimeters</attrunit></rdom></attrdomv><attalias Sync="TRUE">ETR_M11</attalias><attrtype Sync="TRUE">Single</attrtype><attwidth Sync="TRUE">4</attwidth><atprecis Sync="TRUE">0</atprecis><attscale Sync="TRUE">0</attscale></attr><attr><attrlabl>ETR_M12</attrlabl><attrdef>Monthly total of reference evapotranspiration (ETr) for the polygon during the month of December.  Reference evaporation produced from the GridMET dataset (millimeters).</attrdef><attrdefs>Producer defined</attrdefs><attrdomv><rdom><rdommin>0</rdommin><rdommax>44.4431991577148</rdommax><attrunit>millimeters</attrunit></rdom></attrdomv><attalias Sync="TRUE">ETR_M12</attalias><attrtype Sync="TRUE">Single</attrtype><attwidth Sync="TRUE">4</attwidth><atprecis Sync="TRUE">0</atprecis><attscale Sync="TRUE">0</attscale></attr><attr><attrlabl>ET_M01</attrlabl><attrdef>Monthly total of calculated evapotranspiration (ET) for the area contained within the polygon for the month of January (millimeters).</attrdef><attrdefs>Producer defined</attrdefs><attrdomv><rdom><rdommin>0</rdommin><rdommax>33.3198013305664</rdommax><attrunit>millimeters</attrunit></rdom></attrdomv><attalias Sync="TRUE">ET_M01</attalias><attrtype Sync="TRUE">Single</attrtype><attwidth Sync="TRUE">4</attwidth><atprecis Sync="TRUE">0</atprecis><attscale Sync="TRUE">0</attscale></attr><attr><attrlabl>ET_M02</attrlabl><attrdef>Monthly total of calculated evapotranspiration (ET) for the area contained within the polygon for the month of February (millimeters).</attrdef><attrdefs>Producer defined</attrdefs><attrdomv><rdom><rdommin>0</rdommin><rdommax>64.3208999633789</rdommax><attrunit>millimeters</attrunit></rdom></attrdomv><attalias Sync="TRUE">ET_M02</attalias><attrtype Sync="TRUE">Single</attrtype><attwidth Sync="TRUE">4</attwidth><atprecis Sync="TRUE">0</atprecis><attscale Sync="TRUE">0</attscale></attr><attr><attrlabl>ET_M03</attrlabl><attrdef>Monthly total of calculated evapotranspiration (ET) for the area contained within the polygon for the month of March (millimeters).</attrdef><attrdefs>Producer defined</attrdefs><attrdomv><rdom><rdommin>0</rdommin><rdommax>112.501998901367</rdommax><attrunit>millimeters</attrunit></rdom></attrdomv><attalias Sync="TRUE">ET_M03</attalias><attrtype Sync="TRUE">Single</attrtype><attwidth Sync="TRUE">4</attwidth><atprecis Sync="TRUE">0</atprecis><attscale Sync="TRUE">0</attscale></attr><attr><attrlabl>ET_M04</attrlabl><attrdef>Monthly total of calculated evapotranspiration (ET) for the area contained within the polygon for the month of April (millimeters).</attrdef><attrdefs>Producer defined</attrdefs><attrdomv><rdom><rdommin>0</rdommin><rdommax>141.253997802734</rdommax><attrunit>millimeters</attrunit></rdom></attrdomv><attalias Sync="TRUE">ET_M04</attalias><attrtype Sync="TRUE">Single</attrtype><attwidth Sync="TRUE">4</attwidth><atprecis Sync="TRUE">0</atprecis><attscale Sync="TRUE">0</attscale></attr><attr><attrlabl>ET_M05</attrlabl><attrdef>Monthly total of calculated evapotranspiration (ET) for the area contained within the polygon for the month of May (millimeters).</attrdef><attrdefs>Producer defined</attrdefs><attrdomv><rdom><rdommin>0</rdommin><rdommax>195.54899597168</rdommax><attrunit>millimeters</attrunit></rdom></attrdomv><attalias Sync="TRUE">ET_M05</attalias><attrtype Sync="TRUE">Single</attrtype><attwidth Sync="TRUE">4</attwidth><atprecis Sync="TRUE">0</atprecis><attscale Sync="TRUE">0</attscale></attr><attr><attrlabl>ET_M06</attrlabl><attrdef>Monthly total of calculated evapotranspiration (ET) for the area contained within the polygon for the month of June (millimeters).</attrdef><attrdefs>Producer defined</attrdefs><attrdomv><rdom><rdommin>0</rdommin><rdommax>231.949005126953</rdommax><attrunit>millimeters</attrunit></rdom></attrdomv><attalias Sync="TRUE">ET_M06</attalias><attrtype Sync="TRUE">Single</attrtype><attwidth Sync="TRUE">4</attwidth><atprecis Sync="TRUE">0</atprecis><attscale Sync="TRUE">0</attscale></attr><attr><attrlabl>ET_M07</attrlabl><attrdef>Monthly total of calculated evapotranspiration (ET) for the area contained within the polygon for the month of July (millimeters).</attrdef><attrdefs>Producer defined</attrdefs><attrdomv><rdom><rdommin>0</rdommin><rdommax>330.233001708984</rdommax><attrunit>millimeters</attrunit></rdom></attrdomv><attalias Sync="TRUE">ET_M07</attalias><attrtype Sync="TRUE">Single</attrtype><attwidth Sync="TRUE">4</attwidth><atprecis Sync="TRUE">0</atprecis><attscale Sync="TRUE">0</attscale></attr><attr><attrlabl>ET_M08</attrlabl><attrdef>Monthly total of calculated evapotranspiration (ET) for the area contained within the polygon for the month of August (millimeters).</attrdef><attrdefs>Producer defined</attrdefs><attrdomv><rdom><rdommin>0</rdommin><rdommax>287.256011962891</rdommax><attrunit>millimeters</attrunit></rdom></attrdomv><attalias Sync="TRUE">ET_M08</attalias><attrtype Sync="TRUE">Single</attrtype><attwidth Sync="TRUE">4</attwidth><atprecis Sync="TRUE">0</atprecis><attscale Sync="TRUE">0</attscale></attr><attr><attrlabl>ET_M09</attrlabl><attrdef>Monthly total of calculated evapotranspiration (ET) for the area contained within the polygon for the month of September (millimeters).</attrdef><attrdefs>Producer defined</attrdefs><attrdomv><rdom><rdommin>0</rdommin><rdommax>230.177993774414</rdommax><attrunit>millimeters</attrunit></rdom></attrdomv><attalias Sync="TRUE">ET_M09</attalias><attrtype Sync="TRUE">Single</attrtype><attwidth Sync="TRUE">4</attwidth><atprecis Sync="TRUE">0</atprecis><attscale Sync="TRUE">0</attscale></attr><attr><attrlabl>ET_M10</attrlabl><attrdef>Monthly total of calculated evapotranspiration (ET) for the area contained within the polygon for the month of October (millimeters).</attrdef><attrdefs>Producer defined</attrdefs><attrdomv><rdom><rdommin>0</rdommin><rdommax>138.026992797852</rdommax><attrunit>millimeters</attrunit></rdom></attrdomv><attalias Sync="TRUE">ET_M10</attalias><attrtype Sync="TRUE">Single</attrtype><attwidth Sync="TRUE">4</attwidth><atprecis Sync="TRUE">0</atprecis><attscale Sync="TRUE">0</attscale></attr><attr><attrlabl>ET_M11</attrlabl><attrdef>Monthly total of calculated evapotranspiration (ET) for the area contained within the polygon for the month of November (millimeters).</attrdef><attrdefs>Producer defined</attrdefs><attrdomv><rdom><rdommin>0</rdommin><rdommax>54.5783996582031</rdommax><attrunit>millimeters</attrunit></rdom></attrdomv><attalias Sync="TRUE">ET_M11</attalias><attrtype Sync="TRUE">Single</attrtype><attwidth Sync="TRUE">4</attwidth><atprecis Sync="TRUE">0</atprecis><attscale Sync="TRUE">0</attscale></attr><attr><attrlabl>ET_M12</attrlabl><attrdef>Monthly total of calculated evapotranspiration (ET) for the area contained within the polygon for the month of December (millimeters).</attrdef><attrdefs>Producer defined</attrdefs><attrdomv><rdom><rdommin>0</rdommin><rdommax>22.2518005371094</rdommax><attrunit>millimeters</attrunit></rdom></attrdomv><attalias Sync="TRUE">ET_M12</attalias><attrtype Sync="TRUE">Single</attrtype><attwidth Sync="TRUE">4</attwidth><atprecis Sync="TRUE">0</atprecis><attscale Sync="TRUE">0</attscale></attr><attr><attrlabl>ETRF_M01</attrlabl><attrdef>Monthly average of fraction of reference evapotranspiration(ETrF) for the month of January for the area contained within the polygon (unitless).</attrdef><attrdefs>Producer defined</attrdefs><attrdomv><rdom><rdommin>0</rdommin><rdommax>0.988838970661163</rdommax><attrunit>unitless</attrunit></rdom></attrdomv><attalias Sync="TRUE">ETRF_M01</attalias><attrtype Sync="TRUE">Single</attrtype><attwidth Sync="TRUE">4</attwidth><atprecis Sync="TRUE">0</atprecis><attscale Sync="TRUE">0</attscale></attr><attr><attrlabl>ETRF_M02</attrlabl><attrdef>Monthly average of fraction of reference evapotranspiration(ETrF) for the month of February for the area contained within the polygon (unitless).</attrdef><attrdefs>Producer defined</attrdefs><attrdomv><rdom><rdommin>0</rdommin><rdommax>1.05370998382568</rdommax><attrunit>unitless</attrunit></rdom></attrdomv><attalias Sync="TRUE">ETRF_M02</attalias><attrtype Sync="TRUE">Single</attrtype><attwidth Sync="TRUE">4</attwidth><atprecis Sync="TRUE">0</atprecis><attscale Sync="TRUE">0</attscale></attr><attr><attrlabl>ETRF_M03</attrlabl><attrdef>Monthly average of fraction of reference evapotranspiration(ETrF) for the month of March for the area contained within the polygon (unitless).</attrdef><attrdefs>Producer defined</attrdefs><attrdomv><rdom><rdommin>0</rdommin><rdommax>1.15520000457764</rdommax><attrunit>unitless</attrunit></rdom></attrdomv><attalias Sync="TRUE">ETRF_M03</attalias><attrtype Sync="TRUE">Single</attrtype><attwidth Sync="TRUE">4</attwidth><atprecis Sync="TRUE">0</atprecis><attscale Sync="TRUE">0</attscale></attr><attr><attrlabl>ETRF_M04</attrlabl><attrdef>Monthly average of fraction of reference evapotranspiration(ETrF) for the month of April for the area contained within the polygon (unitless).</attrdef><attrdefs>Producer defined</attrdefs><attrdomv><rdom><rdommin>0</rdommin><rdommax>1.05815005302429</rdommax><attrunit>unitless</attrunit></rdom></attrdomv><attalias Sync="TRUE">ETRF_M04</attalias><attrtype Sync="TRUE">Single</attrtype><attwidth Sync="TRUE">4</attwidth><atprecis Sync="TRUE">0</atprecis><attscale Sync="TRUE">0</attscale></attr><attr><attrlabl>ETRF_M05</attrlabl><attrdef>Monthly average of fraction of reference evapotranspiration(ETrF) for the month of May for the area contained within the polygon (unitless).</attrdef><attrdefs>Producer defined</attrdefs><attrdomv><rdom><rdommin>0</rdommin><rdommax>1.16641998291016</rdommax><attrunit>unitless</attrunit></rdom></attrdomv><attalias Sync="TRUE">ETRF_M05</attalias><attrtype Sync="TRUE">Single</attrtype><attwidth Sync="TRUE">4</attwidth><atprecis Sync="TRUE">0</atprecis><attscale Sync="TRUE">0</attscale></attr><attr><attrlabl>ETRF_M06</attrlabl><attrdef>Monthly average of fraction of reference evapotranspiration(ETrF) for the month of June for the area contained within the polygon (unitless).</attrdef><attrdefs>Producer defined</attrdefs><attrdomv><rdom><rdommin>0</rdommin><rdommax>1.16482996940613</rdommax><attrunit>unitless</attrunit></rdom></attrdomv><attalias Sync="TRUE">ETRF_M06</attalias><attrtype Sync="TRUE">Single</attrtype><attwidth Sync="TRUE">4</attwidth><atprecis Sync="TRUE">0</atprecis><attscale Sync="TRUE">0</attscale></attr><attr><attrlabl>ETRF_M07</attrlabl><attrdef>Monthly average of fraction of reference evapotranspiration(ETrF) for the month of July for the area contained within the polygon (unitless).</attrdef><attrdefs>Producer defined</attrdefs><attrdomv><rdom><rdommin>0</rdommin><rdommax>1.10750997066498</rdommax><attrunit>unitless</attrunit></rdom></attrdomv><attalias Sync="TRUE">ETRF_M07</attalias><attrtype Sync="TRUE">Single</attrtype><attwidth Sync="TRUE">4</attwidth><atprecis Sync="TRUE">0</atprecis><attscale Sync="TRUE">0</attscale></attr><attr><attrlabl>ETRF_M08</attrlabl><attrdef>Monthly average of fraction of reference evapotranspiration(ETrF) for the month of August for the area contained within the polygon (unitless).</attrdef><attrdefs>Producer defined</attrdefs><attrdomv><rdom><rdommin>0</rdommin><rdommax>1.09053003787994</rdommax><attrunit>unitless</attrunit></rdom></attrdomv><attalias Sync="TRUE">ETRF_M08</attalias><attrtype Sync="TRUE">Single</attrtype><attwidth Sync="TRUE">4</attwidth><atprecis Sync="TRUE">0</atprecis><attscale Sync="TRUE">0</attscale></attr><attr><attrlabl>ETRF_M09</attrlabl><attrdef>Monthly average of fraction of reference evapotranspiration(ETrF) for the month of September for the area contained within the polygon (unitless).</attrdef><attrdefs>Producer defined</attrdefs><attrdomv><rdom><rdommin>0</rdommin><rdommax>1.15260994434357</rdommax><attrunit>unitless</attrunit></rdom></attrdomv><attalias Sync="TRUE">ETRF_M09</attalias><attrtype Sync="TRUE">Single</attrtype><attwidth Sync="TRUE">4</attwidth><atprecis Sync="TRUE">0</atprecis><attscale Sync="TRUE">0</attscale></attr><attr><attrlabl>ETRF_M10</attrlabl><attrdef>Monthly average of fraction of reference evapotranspiration(ETrF) for the month of October for the area contained within the polygon (unitless).</attrdef><attrdefs>Producer defined</attrdefs><attrdomv><rdom><rdommin>0</rdommin><rdommax>1.31684005260468</rdommax><attrunit>unitless</attrunit></rdom></attrdomv><attalias Sync="TRUE">ETRF_M10</attalias><attrtype Sync="TRUE">Single</attrtype><attwidth Sync="TRUE">4</attwidth><atprecis Sync="TRUE">0</atprecis><attscale Sync="TRUE">0</attscale></attr><attr><attrlabl>ETRF_M11</attrlabl><attrdef>Monthly average of fraction of reference evapotranspiration(ETrF) for the month of November for the area contained within the polygon (unitless).</attrdef><attrdefs>Producer defined</attrdefs><attrdomv><rdom><rdommin>0</rdommin><rdommax>1.03215003013611</rdommax><attrunit>unitless</attrunit></rdom></attrdomv><attalias Sync="TRUE">ETRF_M11</attalias><attrtype Sync="TRUE">Single</attrtype><attwidth Sync="TRUE">4</attwidth><atprecis Sync="TRUE">0</atprecis><attscale Sync="TRUE">0</attscale></attr><attr><attrlabl>ETRF_M12</attrlabl><attrdef>Monthly average of fraction of reference evapotranspiration(ETrF) for the month of December for the area contained within the polygon (unitless).</attrdef><attrdefs>Producer defined</attrdefs><attrdomv><rdom><rdommin>0</rdommin><rdommax>0.96941602230072</rdommax><attrunit>unitless</attrunit></rdom></attrdomv><attalias Sync="TRUE">ETRF_M12</attalias><attrtype Sync="TRUE">Single</attrtype><attwidth Sync="TRUE">4</attwidth><atprecis Sync="TRUE">0</atprecis><attscale Sync="TRUE">0</attscale></attr><attr><attrlabl>PPT_M01</attrlabl><attrdef>Precipitation received by the polygon during the month of January.  Precipitation data acquired from the PRISM daily precipitation product (millimeters).</attrdef><attrdefs>PRISM Climate Group, Oregon State University, http://prism.oregonstate.edu, created 4 Feb 2004.</attrdefs><attrdomv><rdom><rdommin>2.46793007850647</rdommin><rdommax>45.3265991210938</rdommax><attrunit>millimeters</attrunit></rdom></attrdomv><attalias Sync="TRUE">PPT_M01</attalias><attrtype Sync="TRUE">Single</attrtype><attwidth Sync="TRUE">4</attwidth><atprecis Sync="TRUE">0</atprecis><attscale Sync="TRUE">0</attscale></attr><attr><attrlabl>PPT_M02</attrlabl><attrdef>Precipitation received by the polygon during the month of February.  Precipitation data acquired from the PRISM daily precipitation product (millimeters).</attrdef><attrdefs>PRISM Climate Group, Oregon State University, http://prism.oregonstate.edu, created 4 Feb 2004.</attrdefs><attrdomv><rdom><rdommin>9.27029991149902</rdommin><rdommax>214.753997802734</rdommax><attrunit>millimeters</attrunit></rdom></attrdomv><attalias Sync="TRUE">PPT_M02</attalias><attrtype Sync="TRUE">Single</attrtype><attwidth Sync="TRUE">4</attwidth><atprecis Sync="TRUE">0</atprecis><attscale Sync="TRUE">0</attscale></attr><attr><attrlabl>PPT_M03</attrlabl><attrdef>Precipitation received by the polygon during the month of March.  Precipitation data acquired from the PRISM daily precipitation product (millimeters).</attrdef><attrdefs>PRISM Climate Group, Oregon State University, http://prism.oregonstate.edu, created 4 Feb 2004.</attrdefs><attrdomv><rdom><rdommin>21.8118991851807</rdommin><rdommax>352.838989257813</rdommax><attrunit>millimeters</attrunit></rdom></attrdomv><attalias Sync="TRUE">PPT_M03</attalias><attrtype Sync="TRUE">Single</attrtype><attwidth Sync="TRUE">4</attwidth><atprecis Sync="TRUE">0</atprecis><attscale Sync="TRUE">0</attscale></attr><attr><attrlabl>PPT_M04</attrlabl><attrdef>Precipitation received by the polygon during the month of April.  Precipitation data acquired from the PRISM daily precipitation product (millimeters).</attrdef><attrdefs>PRISM Climate Group, Oregon State University, http://prism.oregonstate.edu, created 4 Feb 2004.</attrdefs><attrdomv><rdom><rdommin>4.1076397895813</rdommin><rdommax>63.0113983154297</rdommax><attrunit>millimeters</attrunit></rdom></attrdomv><attalias Sync="TRUE">PPT_M04</attalias><attrtype Sync="TRUE">Single</attrtype><attwidth Sync="TRUE">4</attwidth><atprecis Sync="TRUE">0</atprecis><attscale Sync="TRUE">0</attscale></attr><attr><attrlabl>PPT_M05</attrlabl><attrdef>Precipitation received by the polygon during the month of May.  Precipitation data acquired from the PRISM daily precipitation product (millimeters).</attrdef><attrdefs>PRISM Climate Group, Oregon State University, http://prism.oregonstate.edu, created 4 Feb 2004.</attrdefs><attrdomv><rdom><rdommin>9.45987033843994</rdommin><rdommax>97.9104995727539</rdommax><attrunit>millimeters</attrunit></rdom></attrdomv><attalias Sync="TRUE">PPT_M05</attalias><attrtype Sync="TRUE">Single</attrtype><attwidth Sync="TRUE">4</attwidth><atprecis Sync="TRUE">0</atprecis><attscale Sync="TRUE">0</attscale></attr><attr><attrlabl>PPT_M06</attrlabl><attrdef>Precipitation received by the polygon during the month of June.  Precipitation data acquired from the PRISM daily precipitation product (millimeters).</attrdef><attrdefs>PRISM Climate Group, Oregon State University, http://prism.oregonstate.edu, created 4 Feb 2004.</attrdefs><attrdomv><rdom><rdommin>6.8112998008728</rdommin><rdommax>78.3556976318359</rdommax><attrunit>millimeters</attrunit></rdom></attrdomv><attalias Sync="TRUE">PPT_M06</attalias><attrtype Sync="TRUE">Single</attrtype><attwidth Sync="TRUE">4</attwidth><atprecis Sync="TRUE">0</atprecis><attscale Sync="TRUE">0</attscale></attr><attr><attrlabl>PPT_M07</attrlabl><attrdef>Precipitation received by the polygon during the month of July.  Precipitation data acquired from the PRISM daily precipitation product (millimeters).</attrdef><attrdefs>PRISM Climate Group, Oregon State University, http://prism.oregonstate.edu, created 4 Feb 2004.</attrdefs><attrdomv><rdom><rdommin>0</rdommin><rdommax>19.1784992218018</rdommax><attrunit>millimeters</attrunit></rdom></attrdomv><attalias Sync="TRUE">PPT_M07</attalias><attrtype Sync="TRUE">Single</attrtype><attwidth Sync="TRUE">4</attwidth><atprecis Sync="TRUE">0</atprecis><attscale Sync="TRUE">0</attscale></attr><attr><attrlabl>PPT_M08</attrlabl><attrdef>Precipitation received by the polygon during the month of August.  Precipitation data acquired from the PRISM daily precipitation product (millimeters).</attrdef><attrdefs>PRISM Climate Group, Oregon State University, http://prism.oregonstate.edu, created 4 Feb 2004.</attrdefs><attrdomv><rdom><rdommin>0</rdommin><rdommax>36.8273010253906</rdommax><attrunit>millimeters</attrunit></rdom></attrdomv><attalias Sync="TRUE">PPT_M08</attalias><attrtype Sync="TRUE">Single</attrtype><attwidth Sync="TRUE">4</attwidth><atprecis Sync="TRUE">0</atprecis><attscale Sync="TRUE">0</attscale></attr><attr><attrlabl>PPT_M09</attrlabl><attrdef>Precipitation received by the polygon during the month of September.  Precipitation data acquired from the PRISM daily precipitation product (millimeters).</attrdef><attrdefs>PRISM Climate Group, Oregon State University, http://prism.oregonstate.edu, created 4 Feb 2004.</attrdefs><attrdomv><rdom><rdommin>0.409485012292862</rdommin><rdommax>29.4904003143311</rdommax><attrunit>millimeters</attrunit></rdom></attrdomv><attalias Sync="TRUE">PPT_M09</attalias><attrtype Sync="TRUE">Single</attrtype><attwidth Sync="TRUE">4</attwidth><atprecis Sync="TRUE">0</atprecis><attscale Sync="TRUE">0</attscale></attr><attr><attrlabl>PPT_M10</attrlabl><attrdef>Precipitation received by the polygon during the month of October.  Precipitation data acquired from the PRISM daily precipitation product (millimeters).</attrdef><attrdefs>PRISM Climate Group, Oregon State University, http://prism.oregonstate.edu, created 4 Feb 2004.</attrdefs><attrdomv><rdom><rdommin>2.07818007469177</rdommin><rdommax>87.0429992675781</rdommax><attrunit>millimeters</attrunit></rdom></attrdomv><attalias Sync="TRUE">PPT_M10</attalias><attrtype Sync="TRUE">Single</attrtype><attwidth Sync="TRUE">4</attwidth><atprecis Sync="TRUE">0</atprecis><attscale Sync="TRUE">0</attscale></attr><attr><attrlabl>PPT_M11</attrlabl><attrdef>Precipitation received by the polygon during the month of November.  Precipitation data acquired from the PRISM daily precipitation product (millimeters).</attrdef><attrdefs>PRISM Climate Group, Oregon State University, http://prism.oregonstate.edu, created 4 Feb 2004.</attrdefs><attrdomv><rdom><rdommin>4.25414991378784</rdommin><rdommax>52.4121017456055</rdommax><attrunit>millimeters</attrunit></rdom></attrdomv><attalias Sync="TRUE">PPT_M11</attalias><attrtype Sync="TRUE">Single</attrtype><attwidth Sync="TRUE">4</attwidth><atprecis Sync="TRUE">0</atprecis><attscale Sync="TRUE">0</attscale></attr><attr><attrlabl>PPT_M12</attrlabl><attrdef>Precipitation received by the polygon during the month of December.  Precipitation data acquired from the PRISM daily precipitation product (millimeters).</attrdef><attrdefs>PRISM Climate Group, Oregon State University, http://prism.oregonstate.edu, created 4 Feb 2004.</attrdefs><attrdomv><rdom><rdommin>0</rdommin><rdommax>8.71555042266846</rdommax><attrunit>millimeters</attrunit></rdom></attrdomv><attalias Sync="TRUE">PPT_M12</attalias><attrtype Sync="TRUE">Single</attrtype><attwidth Sync="TRUE">4</attwidth><atprecis Sync="TRUE">0</atprecis><attscale Sync="TRUE">0</attscale></attr><attr><attrlabl>PPTEFF_M01</attrlabl><attrdef>Effective precipitation.  This value was calculated as 90% of the precipitation received at the polygon location for the month of January (millimeters).</attrdef><attrdefs>Producer defined</attrdefs><attrdomv><rdom><rdommin>2.22113990783691</rdommin><rdommax>40.7938995361328</rdommax><attrunit>millimeters</attrunit></rdom></attrdomv><attalias Sync="TRUE">PPTEFF_M01</attalias><attrtype Sync="TRUE">Single</attrtype><attwidth Sync="TRUE">4</attwidth><atprecis Sync="TRUE">0</atprecis><attscale Sync="TRUE">0</attscale></attr><attr><attrlabl>PPTEFF_M02</attrlabl><attrdef>Effective precipitation.  This value was calculated as 90% of the precipitation received at the polygon location for the month of February (millimeters).</attrdef><attrdefs>Producer defined</attrdefs><attrdomv><rdom><rdommin>8.34327030181885</rdommin><rdommax>193.279006958008</rdommax><attrunit>millimeters</attrunit></rdom></attrdomv><attalias Sync="TRUE">PPTEFF_M02</attalias><attrtype Sync="TRUE">Single</attrtype><attwidth Sync="TRUE">4</attwidth><atprecis Sync="TRUE">0</atprecis><attscale Sync="TRUE">0</attscale></attr><attr><attrlabl>PPTEFF_M03</attrlabl><attrdef>Effective precipitation.  This value was calculated as 90% of the precipitation received at the polygon location for the month of March (millimeters).</attrdef><attrdefs>Producer defined</attrdefs><attrdomv><rdom><rdommin>19.6306991577148</rdommin><rdommax>317.554992675781</rdommax><attrunit>millimeters</attrunit></rdom></attrdomv><attalias Sync="TRUE">PPTEFF_M03</attalias><attrtype Sync="TRUE">Single</attrtype><attwidth Sync="TRUE">4</attwidth><atprecis Sync="TRUE">0</atprecis><attscale Sync="TRUE">0</attscale></attr><attr><attrlabl>PPTEFF_M04</attrlabl><attrdef>Effective precipitation.  This value was calculated as 90% of the precipitation received at the polygon location for the month of April (millimeters).</attrdef><attrdefs>Producer defined</attrdefs><attrdomv><rdom><rdommin>3.69688010215759</rdommin><rdommax>56.7103004455566</rdommax><attrunit>millimeters</attrunit></rdom></attrdomv><attalias Sync="TRUE">PPTEFF_M04</attalias><attrtype Sync="TRUE">Single</attrtype><attwidth Sync="TRUE">4</attwidth><atprecis Sync="TRUE">0</atprecis><attscale Sync="TRUE">0</attscale></attr><attr><attrlabl>PPTEFF_M05</attrlabl><attrdef>Effective precipitation.  This value was calculated as 90% of the precipitation received at the polygon location for the month of May (millimeters).</attrdef><attrdefs>Producer defined</attrdefs><attrdomv><rdom><rdommin>8.51387977600098</rdommin><rdommax>88.119499206543</rdommax><attrunit>millimeters</attrunit></rdom></attrdomv><attalias Sync="TRUE">PPTEFF_M05</attalias><attrtype Sync="TRUE">Single</attrtype><attwidth Sync="TRUE">4</attwidth><atprecis Sync="TRUE">0</atprecis><attscale Sync="TRUE">0</attscale></attr><attr><attrlabl>PPTEFF_M06</attrlabl><attrdef>Effective precipitation.  This value was calculated as 90% of the precipitation received at the polygon location for the month of June (millimeters).</attrdef><attrdefs>Producer defined</attrdefs><attrdomv><rdom><rdommin>6.13016986846924</rdommin><rdommax>70.5201034545898</rdommax><attrunit>millimeters</attrunit></rdom></attrdomv><attalias Sync="TRUE">PPTEFF_M06</attalias><attrtype Sync="TRUE">Single</attrtype><attwidth Sync="TRUE">4</attwidth><atprecis Sync="TRUE">0</atprecis><attscale Sync="TRUE">0</attscale></attr><attr><attrlabl>PPTEFF_M07</attrlabl><attrdef>Effective precipitation.  This value was calculated as 90% of the precipitation received at the polygon location for the month of July (millimeters).</attrdef><attrdefs>Producer defined</attrdefs><attrdomv><rdom><rdommin>0</rdommin><rdommax>17.2607002258301</rdommax><attrunit>millimeters</attrunit></rdom></attrdomv><attalias Sync="TRUE">PPTEFF_M07</attalias><attrtype Sync="TRUE">Single</attrtype><attwidth Sync="TRUE">4</attwidth><atprecis Sync="TRUE">0</atprecis><attscale Sync="TRUE">0</attscale></attr><attr><attrlabl>PPTEFF_M08</attrlabl><attrdef>Effective precipitation.  This value was calculated as 90% of the precipitation received at the polygon location for the month of August (millimeters).</attrdef><attrdefs>Producer defined</attrdefs><attrdomv><rdom><rdommin>0</rdommin><rdommax>33.1445999145508</rdommax><attrunit>millimeters</attrunit></rdom></attrdomv><attalias Sync="TRUE">PPTEFF_M08</attalias><attrtype Sync="TRUE">Single</attrtype><attwidth Sync="TRUE">4</attwidth><atprecis Sync="TRUE">0</atprecis><attscale Sync="TRUE">0</attscale></attr><attr><attrlabl>PPTEFF_M09</attrlabl><attrdef>Effective precipitation.  This value was calculated as 90% of the precipitation received at the polygon location for the month of September (millimeters).</attrdef><attrdefs>Producer defined</attrdefs><attrdomv><rdom><rdommin>0.36853700876236</rdommin><rdommax>26.5414009094238</rdommax><attrunit>millimeters</attrunit></rdom></attrdomv><attalias Sync="TRUE">PPTEFF_M09</attalias><attrtype Sync="TRUE">Single</attrtype><attwidth Sync="TRUE">4</attwidth><atprecis Sync="TRUE">0</atprecis><attscale Sync="TRUE">0</attscale></attr><attr><attrlabl>PPTEFF_M10</attrlabl><attrdef>Effective precipitation.  This value was calculated as 90% of the precipitation received at the polygon location for the month of October (millimeters).</attrdef><attrdefs>Producer defined</attrdefs><attrdomv><rdom><rdommin>1.87036001682281</rdommin><rdommax>78.3386993408203</rdommax><attrunit>millimeters</attrunit></rdom></attrdomv><attalias Sync="TRUE">PPTEFF_M10</attalias><attrtype Sync="TRUE">Single</attrtype><attwidth Sync="TRUE">4</attwidth><atprecis Sync="TRUE">0</atprecis><attscale Sync="TRUE">0</attscale></attr><attr><attrlabl>PPTEFF_M11</attrlabl><attrdef>Effective precipitation.  This value was calculated as 90% of the precipitation received at the polygon location for the month of November (millimeters).</attrdef><attrdefs>Producer defined</attrdefs><attrdomv><rdom><rdommin>3.8287398815155</rdommin><rdommax>47.1708984375</rdommax><attrunit>millimeters</attrunit></rdom></attrdomv><attalias Sync="TRUE">PPTEFF_M11</attalias><attrtype Sync="TRUE">Single</attrtype><attwidth Sync="TRUE">4</attwidth><atprecis Sync="TRUE">0</atprecis><attscale Sync="TRUE">0</attscale></attr><attr><attrlabl>PPTEFF_M12</attrlabl><attrdef>Effective precipitation.  This value was calculated as 90% of the precipitation received at the polygon location for the month of December (millimeters).</attrdef><attrdefs>Producer defined</attrdefs><attrdomv><rdom><rdommin>0</rdommin><rdommax>7.8439998626709</rdommax><attrunit>millimeters</attrunit></rdom></attrdomv><attalias Sync="TRUE">PPTEFF_M12</attalias><attrtype Sync="TRUE">Single</attrtype><attwidth Sync="TRUE">4</attwidth><atprecis Sync="TRUE">0</atprecis><attscale Sync="TRUE">0</attscale></attr><attr><attrlabl>Shape_Length</attrlabl><attrdef>Automatically generated description of the length of the polygon (meters).</attrdef><attrdefs>Producer defined</attrdefs><attrdomv><rdom><rdommin>5.79428932867873</rdommin><rdommax>90459.8627195541</rdommax><attrunit>meters</attrunit></rdom><udom Sync="TRUE">Positive real numbers that are automatically generated.</udom></attrdomv><attalias Sync="TRUE">Shape_Length</attalias><attrtype Sync="TRUE">Double</attrtype><attwidth Sync="TRUE">8</attwidth><atprecis Sync="TRUE">0</atprecis><attscale Sync="TRUE">0</attscale></attr><attr><attrlabl>Shape_Area</attrlabl><attrdef>Automatically generated description of the area contained within the polygon (square meters).</attrdef><attrdefs>Producer defined</attrdefs><attrdomv><rdom><rdommin>0.0586826421190655</rdommin><rdommax>61786157.001649</rdommax><attrunit>meters</attrunit></rdom><udom Sync="TRUE">Positive real numbers that are automatically generated.</udom></attrdomv><attalias Sync="TRUE">Shape_Area</attalias><attrtype Sync="TRUE">Double</attrtype><attwidth Sync="TRUE">8</attwidth><atprecis Sync="TRUE">0</atprecis><attscale Sync="TRUE">0</attscale></attr></detailed><overview><eaover>The entity and attribute information provided here describes the tabular data associated with the data set. Please review the detailed descriptions that are provided (the individual attribute descriptions) for information on the values that appear as fields/table entries of the data set.</eaover><eadetcit>The entity and attribute information was generated by the individual and/or agency identified as the originator of the data set. Please review the rest of the metadata record for additional details and information.</eadetcit></overview></eainfo><distinfo><distliab>Distributor assumes no liability for misuse of data.</distliab><stdorder><digform><digtinfo><formname>Vector Digital Data Set (Polygon)</formname></digtinfo></digform><fees>None. No fees are applicable for obtaining the data set.</fees></stdorder></distinfo><metainfo><metd>20170126</metd><metstdn>FGDC Content Standard for Digital Geospatial Metadata</metstdn><metstdv>FGDC-STD-001-1998</metstdv><mettc>local time</mettc></metainfo><dataIdInfo><envirDesc Sync="TRUE">Microsoft Windows 7 Version 6.1 (Build 7601) Service Pack 1; Esri ArcGIS 10.3.1.4959</envirDesc><dataLang><languageCode value="eng" Sync="TRUE"></languageCode><countryCode value="USA" Sync="TRUE"></countryCode></dataLang><idCitation><resTitle Sync="TRUE">Merged_2011</resTitle><presForm><PresFormCd value="005" Sync="TRUE"></PresFormCd></presForm></idCitation><spatRpType><SpatRepTypCd value="001" Sync="TRUE"></SpatRepTypCd></spatRpType><dataExt><geoEle><GeoBndBox esriExtentType="search"><exTypeCode Sync="TRUE">1</exTypeCode><westBL Sync="TRUE">-121.139440</westBL><eastBL Sync="TRUE">-116.899008</eastBL><northBL Sync="TRUE">41.176374</northBL><southBL Sync="TRUE">38.107819</southBL></GeoBndBox></geoEle></dataExt></dataIdInfo><mdLang><languageCode value="eng" Sync="TRUE"></languageCode><countryCode value="USA" Sync="TRUE"></countryCode></mdLang><Esri><DataProperties><itemProps><itemName Sync="TRUE">Merged_2011</itemName><imsContentType Sync="TRUE">002</imsContentType><nativeExtBox><westBL Sync="TRUE">152362.195200</westBL><eastBL Sync="TRUE">508470.890000</eastBL><southBL Sync="TRUE">4225207.241000</southBL><northBL Sync="TRUE">4558336.528100</northBL><exTypeCode Sync="TRUE">1</exTypeCode></nativeExtBox><itemLocation><linkage Sync="TRUE">file://\\perseus\data_nnv\METRIC_Report\geodatabase\Metric_20170126.gdb</linkage><protocol Sync="TRUE">Local Area Network</protocol></itemLocation></itemProps><coordRef><type Sync="TRUE">Projected</type><geogcsn Sync="TRUE">GCS_WGS_1984</geogcsn><csUnits Sync="TRUE">Linear Unit: Meter (1.000000)</csUnits><projcsn Sync="TRUE">WGS_1984_UTM_Zone_11N</projcsn><peXml Sync="TRUE">&lt;ProjectedCoordinateSystem xsi:type='typens:ProjectedCoordinateSystem' xmlns:xsi='http://www.w3.org/2001/XMLSchema-instance' xmlns:xs='http://www.w3.org/2001/XMLSchema' xmlns:typens='http://www.esri.com/schemas/ArcGIS/10.3'&gt;&lt;WKT&gt;PROJCS[&amp;quot;WGS_1984_UTM_Zone_11N&amp;quot;,GEOGCS[&amp;quot;GCS_WGS_1984&amp;quot;,DATUM[&amp;quot;D_WGS_1984&amp;quot;,SPHEROID[&amp;quot;WGS_1984&amp;quot;,6378137.0,298.257223563]],PRIMEM[&amp;quot;Greenwich&amp;quot;,0.0],UNIT[&amp;quot;Degree&amp;quot;,0.0174532925199433]],PROJECTION[&amp;quot;Transverse_Mercator&amp;quot;],PARAMETER[&amp;quot;False_Easting&amp;quot;,500000.0],PARAMETER[&amp;quot;False_Northing&amp;quot;,0.0],PARAMETER[&amp;quot;Central_Meridian&amp;quot;,-117.0],PARAMETER[&amp;quot;Scale_Factor&amp;quot;,0.9996],PARAMETER[&amp;quot;Latitude_Of_Origin&amp;quot;,0.0],UNIT[&amp;quot;Meter&amp;quot;,1.0],AUTHORITY[&amp;quot;EPSG&amp;quot;,32611]]&lt;/WKT&gt;&lt;XOrigin&gt;-5120900&lt;/XOrigin&gt;&lt;YOrigin&gt;-9998100&lt;/YOrigin&gt;&lt;XYScale&gt;10000&lt;/XYScale&gt;&lt;ZOrigin&gt;-100000&lt;/ZOrigin&gt;&lt;ZScale&gt;10000&lt;/ZScale&gt;&lt;MOrigin&gt;-100000&lt;/MOrigin&gt;&lt;MScale&gt;10000&lt;/MScale&gt;&lt;XYTolerance&gt;0.001&lt;/XYTolerance&gt;&lt;ZTolerance&gt;0.001&lt;/ZTolerance&gt;&lt;MTolerance&gt;0.001&lt;/MTolerance&gt;&lt;HighPrecision&gt;true&lt;/HighPrecision&gt;&lt;WKID&gt;32611&lt;/WKID&gt;&lt;LatestWKID&gt;32611&lt;/LatestWKID&gt;&lt;/ProjectedCoordinateSystem&gt;</peXml></coordRef></DataProperties><SyncDate>20170228</SyncDate><SyncTime>14475400</SyncTime><ModDate>20170228</ModDate><ModTime>14475400</ModTime><CreaDate>20180105</CreaDate><CreaTime>14501200</CreaTime><ArcGISFormat>1.0</ArcGISFormat><SyncOnce>TRUE</SyncOnce></Esri><distInfo><distFormat><formatName Sync="TRUE">File Geodatabase Feature Class</formatName></distFormat></distInfo><mdHrLv><ScopeCd value="005" Sync="TRUE"></ScopeCd></mdHrLv><mdHrLvName Sync="TRUE">dataset</mdHrLvName><refSysInfo><RefSystem><refSysID><identCode code="32611" Sync="TRUE"></identCode><idCodeSpace Sync="TRUE">EPSG</idCodeSpace><idVersion Sync="TRUE">8.6.2</idVersion></refSysID></RefSystem></refSysInfo><spatRepInfo><VectSpatRep><geometObjs Name="Merged_2011"><geoObjTyp><GeoObjTypCd value="002" Sync="TRUE"></GeoObjTypCd></geoObjTyp><geoObjCnt Sync="TRUE">7841</geoObjCnt></geometObjs><topLvl><TopoLevCd value="001" Sync="TRUE"></TopoLevCd></topLvl></VectSpatRep></spatRepInfo><mdDateSt Sync="TRUE">20170228</mdDateSt></metadata>
